area_code,area_name,indicator,frequency,period,measure,unit,value
E06000047,County Durham,Proportion of adults cycling,At least once per month,2022,Proportion,Percentage,8
E06000047,County Durham,Proportion of adults cycling,At least once per week,2022,Proportion,Percentage,6.2
E06000005,Darlington,Proportion of adults cycling,At least once per month,2022,Proportion,Percentage,10.6
E06000005,Darlington,Proportion of adults cycling,At least once per week,2022,Proportion,Percentage,8.1
E06000001,Hartlepool,Proportion of adults cycling,At least once per month,2022,Proportion,Percentage,NA
E06000001,Hartlepool,Proportion of adults cycling,At least once per week,2022,Proportion,Percentage,NA
E06000002,Middlesbrough,Proportion of adults cycling,At least once per month,2022,Proportion,Percentage,9.1
E06000002,Middlesbrough,Proportion of adults cycling,At least once per week,2022,Proportion,Percentage,7.6
E06000057,Northumberland,Proportion of adults cycling,At least once per month,2022,Proportion,Percentage,9.3
E06000057,Northumberland,Proportion of adults cycling,At least once per week,2022,Proportion,Percentage,5.4
E06000003,Redcar and Cleveland,Proportion of adults cycling,At least once per month,2022,Proportion,Percentage,7.5
E06000003,Redcar and Cleveland,Proportion of adults cycling,At least once per week,2022,Proportion,Percentage,NA
E06000004,Stockton-on-Tees,Proportion of adults cycling,At least once per month,2022,Proportion,Percentage,7.1
E06000004,Stockton-on-Tees,Proportion of adults cycling,At least once per week,2022,Proportion,Percentage,NA
E08000037,Gateshead,Proportion of adults cycling,At least once per month,2022,Proportion,Percentage,7
E08000037,Gateshead,Proportion of adults cycling,At least once per week,2022,Proportion,Percentage,NA
E08000021,Newcastle upon Tyne,Proportion of adults cycling,At least once per month,2022,Proportion,Percentage,13.1
E08000021,Newcastle upon Tyne,Proportion of adults cycling,At least once per week,2022,Proportion,Percentage,9.5
E08000022,North Tyneside,Proportion of adults cycling,At least once per month,2022,Proportion,Percentage,10.7
E08000022,North Tyneside,Proportion of adults cycling,At least once per week,2022,Proportion,Percentage,7
E08000023,South Tyneside,Proportion of adults cycling,At least once per month,2022,Proportion,Percentage,7.9
E08000023,South Tyneside,Proportion of adults cycling,At least once per week,2022,Proportion,Percentage,6.4
E08000024,Sunderland,Proportion of adults cycling,At least once per month,2022,Proportion,Percentage,11.6
E08000024,Sunderland,Proportion of adults cycling,At least once per week,2022,Proportion,Percentage,7.1
E06000008,Blackburn with Darwen,Proportion of adults cycling,At least once per month,2022,Proportion,Percentage,NA
E06000008,Blackburn with Darwen,Proportion of adults cycling,At least once per week,2022,Proportion,Percentage,NA
E06000009,Blackpool,Proportion of adults cycling,At least once per month,2022,Proportion,Percentage,8.8
E06000009,Blackpool,Proportion of adults cycling,At least once per week,2022,Proportion,Percentage,7.5
E06000049,Cheshire East,Proportion of adults cycling,At least once per month,2022,Proportion,Percentage,13.1
E06000049,Cheshire East,Proportion of adults cycling,At least once per week,2022,Proportion,Percentage,10.2
E06000050,Cheshire West and Chester,Proportion of adults cycling,At least once per month,2022,Proportion,Percentage,12.1
E06000050,Cheshire West and Chester,Proportion of adults cycling,At least once per week,2022,Proportion,Percentage,8.9
E06000006,Halton,Proportion of adults cycling,At least once per month,2022,Proportion,Percentage,11.3
E06000006,Halton,Proportion of adults cycling,At least once per week,2022,Proportion,Percentage,9.2
E06000007,Warrington,Proportion of adults cycling,At least once per month,2022,Proportion,Percentage,15.4
E06000007,Warrington,Proportion of adults cycling,At least once per week,2022,Proportion,Percentage,12
E07000026,Allerdale,Proportion of adults cycling,At least once per month,2022,Proportion,Percentage,12.8
E07000026,Allerdale,Proportion of adults cycling,At least once per week,2022,Proportion,Percentage,9.5
E07000027,Barrow-in-Furness,Proportion of adults cycling,At least once per month,2022,Proportion,Percentage,8.7
E07000027,Barrow-in-Furness,Proportion of adults cycling,At least once per week,2022,Proportion,Percentage,5.7
E07000028,Carlisle,Proportion of adults cycling,At least once per month,2022,Proportion,Percentage,10.6
E07000028,Carlisle,Proportion of adults cycling,At least once per week,2022,Proportion,Percentage,7.8
E07000029,Copeland,Proportion of adults cycling,At least once per month,2022,Proportion,Percentage,8.8
E07000029,Copeland,Proportion of adults cycling,At least once per week,2022,Proportion,Percentage,6
E07000030,Eden,Proportion of adults cycling,At least once per month,2022,Proportion,Percentage,13.2
E07000030,Eden,Proportion of adults cycling,At least once per week,2022,Proportion,Percentage,9.8
E07000031,South Lakeland,Proportion of adults cycling,At least once per month,2022,Proportion,Percentage,20.6
E07000031,South Lakeland,Proportion of adults cycling,At least once per week,2022,Proportion,Percentage,17.9
E08000001,Bolton,Proportion of adults cycling,At least once per month,2022,Proportion,Percentage,5
E08000001,Bolton,Proportion of adults cycling,At least once per week,2022,Proportion,Percentage,3.5
E08000002,Bury,Proportion of adults cycling,At least once per month,2022,Proportion,Percentage,8.9
E08000002,Bury,Proportion of adults cycling,At least once per week,2022,Proportion,Percentage,4.7
E08000003,Manchester,Proportion of adults cycling,At least once per month,2022,Proportion,Percentage,13.8
E08000003,Manchester,Proportion of adults cycling,At least once per week,2022,Proportion,Percentage,9.8
E08000004,Oldham,Proportion of adults cycling,At least once per month,2022,Proportion,Percentage,4.4
E08000004,Oldham,Proportion of adults cycling,At least once per week,2022,Proportion,Percentage,3.1
E08000005,Rochdale,Proportion of adults cycling,At least once per month,2022,Proportion,Percentage,5.1
E08000005,Rochdale,Proportion of adults cycling,At least once per week,2022,Proportion,Percentage,3.7
E08000006,Salford,Proportion of adults cycling,At least once per month,2022,Proportion,Percentage,9.4
E08000006,Salford,Proportion of adults cycling,At least once per week,2022,Proportion,Percentage,7
E08000007,Stockport,Proportion of adults cycling,At least once per month,2022,Proportion,Percentage,13.8
E08000007,Stockport,Proportion of adults cycling,At least once per week,2022,Proportion,Percentage,8.1
E08000008,Tameside,Proportion of adults cycling,At least once per month,2022,Proportion,Percentage,8.8
E08000008,Tameside,Proportion of adults cycling,At least once per week,2022,Proportion,Percentage,5.3
E08000009,Trafford,Proportion of adults cycling,At least once per month,2022,Proportion,Percentage,14.6
E08000009,Trafford,Proportion of adults cycling,At least once per week,2022,Proportion,Percentage,10.9
E08000010,Wigan,Proportion of adults cycling,At least once per month,2022,Proportion,Percentage,8.2
E08000010,Wigan,Proportion of adults cycling,At least once per week,2022,Proportion,Percentage,5.9
E07000117,Burnley,Proportion of adults cycling,At least once per month,2022,Proportion,Percentage,6.9
E07000117,Burnley,Proportion of adults cycling,At least once per week,2022,Proportion,Percentage,NA
E07000118,Chorley,Proportion of adults cycling,At least once per month,2022,Proportion,Percentage,10.4
E07000118,Chorley,Proportion of adults cycling,At least once per week,2022,Proportion,Percentage,5.9
E07000119,Fylde,Proportion of adults cycling,At least once per month,2022,Proportion,Percentage,13.9
E07000119,Fylde,Proportion of adults cycling,At least once per week,2022,Proportion,Percentage,10.2
E07000120,Hyndburn,Proportion of adults cycling,At least once per month,2022,Proportion,Percentage,NA
E07000120,Hyndburn,Proportion of adults cycling,At least once per week,2022,Proportion,Percentage,NA
E07000121,Lancaster,Proportion of adults cycling,At least once per month,2022,Proportion,Percentage,16.5
E07000121,Lancaster,Proportion of adults cycling,At least once per week,2022,Proportion,Percentage,12.8
E07000122,Pendle,Proportion of adults cycling,At least once per month,2022,Proportion,Percentage,7.1
E07000122,Pendle,Proportion of adults cycling,At least once per week,2022,Proportion,Percentage,NA
E07000123,Preston,Proportion of adults cycling,At least once per month,2022,Proportion,Percentage,13.1
E07000123,Preston,Proportion of adults cycling,At least once per week,2022,Proportion,Percentage,7.6
E07000124,Ribble Valley,Proportion of adults cycling,At least once per month,2022,Proportion,Percentage,10.2
E07000124,Ribble Valley,Proportion of adults cycling,At least once per week,2022,Proportion,Percentage,8.1
E07000125,Rossendale,Proportion of adults cycling,At least once per month,2022,Proportion,Percentage,8.7
E07000125,Rossendale,Proportion of adults cycling,At least once per week,2022,Proportion,Percentage,NA
E07000126,South Ribble,Proportion of adults cycling,At least once per month,2022,Proportion,Percentage,10.8
E07000126,South Ribble,Proportion of adults cycling,At least once per week,2022,Proportion,Percentage,6.8
E07000127,West Lancashire,Proportion of adults cycling,At least once per month,2022,Proportion,Percentage,9.8
E07000127,West Lancashire,Proportion of adults cycling,At least once per week,2022,Proportion,Percentage,7.3
E07000128,Wyre,Proportion of adults cycling,At least once per month,2022,Proportion,Percentage,11.1
E07000128,Wyre,Proportion of adults cycling,At least once per week,2022,Proportion,Percentage,7.4
E08000011,Knowsley,Proportion of adults cycling,At least once per month,2022,Proportion,Percentage,7.7
E08000011,Knowsley,Proportion of adults cycling,At least once per week,2022,Proportion,Percentage,NA
E08000012,Liverpool,Proportion of adults cycling,At least once per month,2022,Proportion,Percentage,9.8
E08000012,Liverpool,Proportion of adults cycling,At least once per week,2022,Proportion,Percentage,7.4
E08000014,Sefton,Proportion of adults cycling,At least once per month,2022,Proportion,Percentage,13.6
E08000014,Sefton,Proportion of adults cycling,At least once per week,2022,Proportion,Percentage,9.1
E08000013,St. Helens,Proportion of adults cycling,At least once per month,2022,Proportion,Percentage,7.3
E08000013,St. Helens,Proportion of adults cycling,At least once per week,2022,Proportion,Percentage,NA
E08000015,Wirral,Proportion of adults cycling,At least once per month,2022,Proportion,Percentage,9.6
E08000015,Wirral,Proportion of adults cycling,At least once per week,2022,Proportion,Percentage,5.8
E06000011,East Riding of Yorkshire,Proportion of adults cycling,At least once per month,2022,Proportion,Percentage,15.9
E06000011,East Riding of Yorkshire,Proportion of adults cycling,At least once per week,2022,Proportion,Percentage,10.5
E06000010,"Kingston upon Hull, City of",Proportion of adults cycling,At least once per month,2022,Proportion,Percentage,15.6
E06000010,"Kingston upon Hull, City of",Proportion of adults cycling,At least once per week,2022,Proportion,Percentage,12.2
E06000012,North East Lincolnshire,Proportion of adults cycling,At least once per month,2022,Proportion,Percentage,14.1
E06000012,North East Lincolnshire,Proportion of adults cycling,At least once per week,2022,Proportion,Percentage,11.4
E06000013,North Lincolnshire,Proportion of adults cycling,At least once per month,2022,Proportion,Percentage,9.7
E06000013,North Lincolnshire,Proportion of adults cycling,At least once per week,2022,Proportion,Percentage,7.7
E06000014,York,Proportion of adults cycling,At least once per month,2022,Proportion,Percentage,27.7
E06000014,York,Proportion of adults cycling,At least once per week,2022,Proportion,Percentage,22.2
E07000163,Craven,Proportion of adults cycling,At least once per month,2022,Proportion,Percentage,14
E07000163,Craven,Proportion of adults cycling,At least once per week,2022,Proportion,Percentage,9.5
E07000164,Hambleton,Proportion of adults cycling,At least once per month,2022,Proportion,Percentage,12.3
E07000164,Hambleton,Proportion of adults cycling,At least once per week,2022,Proportion,Percentage,8.5
E07000165,Harrogate,Proportion of adults cycling,At least once per month,2022,Proportion,Percentage,13.9
E07000165,Harrogate,Proportion of adults cycling,At least once per week,2022,Proportion,Percentage,9.7
E07000166,Richmondshire,Proportion of adults cycling,At least once per month,2022,Proportion,Percentage,14.5
E07000166,Richmondshire,Proportion of adults cycling,At least once per week,2022,Proportion,Percentage,10.8
E07000167,Ryedale,Proportion of adults cycling,At least once per month,2022,Proportion,Percentage,13
E07000167,Ryedale,Proportion of adults cycling,At least once per week,2022,Proportion,Percentage,7.5
E07000168,Scarborough,Proportion of adults cycling,At least once per month,2022,Proportion,Percentage,10.6
E07000168,Scarborough,Proportion of adults cycling,At least once per week,2022,Proportion,Percentage,7.4
E07000169,Selby,Proportion of adults cycling,At least once per month,2022,Proportion,Percentage,15.4
E07000169,Selby,Proportion of adults cycling,At least once per week,2022,Proportion,Percentage,11
E08000016,Barnsley,Proportion of adults cycling,At least once per month,2022,Proportion,Percentage,NA
E08000016,Barnsley,Proportion of adults cycling,At least once per week,2022,Proportion,Percentage,NA
E08000017,Doncaster,Proportion of adults cycling,At least once per month,2022,Proportion,Percentage,8.9
E08000017,Doncaster,Proportion of adults cycling,At least once per week,2022,Proportion,Percentage,6.4
E08000018,Rotherham,Proportion of adults cycling,At least once per month,2022,Proportion,Percentage,7.4
E08000018,Rotherham,Proportion of adults cycling,At least once per week,2022,Proportion,Percentage,6
E08000019,Sheffield,Proportion of adults cycling,At least once per month,2022,Proportion,Percentage,9.5
E08000019,Sheffield,Proportion of adults cycling,At least once per week,2022,Proportion,Percentage,6.7
E08000032,Bradford,Proportion of adults cycling,At least once per month,2022,Proportion,Percentage,8
E08000032,Bradford,Proportion of adults cycling,At least once per week,2022,Proportion,Percentage,5.9
E08000033,Calderdale,Proportion of adults cycling,At least once per month,2022,Proportion,Percentage,7
E08000033,Calderdale,Proportion of adults cycling,At least once per week,2022,Proportion,Percentage,5.5
E08000034,Kirklees,Proportion of adults cycling,At least once per month,2022,Proportion,Percentage,10.8
E08000034,Kirklees,Proportion of adults cycling,At least once per week,2022,Proportion,Percentage,9
E08000035,Leeds,Proportion of adults cycling,At least once per month,2022,Proportion,Percentage,9.6
E08000035,Leeds,Proportion of adults cycling,At least once per week,2022,Proportion,Percentage,6
E08000036,Wakefield,Proportion of adults cycling,At least once per month,2022,Proportion,Percentage,9.7
E08000036,Wakefield,Proportion of adults cycling,At least once per week,2022,Proportion,Percentage,NA
E06000015,Derby,Proportion of adults cycling,At least once per month,2022,Proportion,Percentage,10.9
E06000015,Derby,Proportion of adults cycling,At least once per week,2022,Proportion,Percentage,7.9
E06000016,Leicester,Proportion of adults cycling,At least once per month,2022,Proportion,Percentage,7.1
E06000016,Leicester,Proportion of adults cycling,At least once per week,2022,Proportion,Percentage,4.7
E06000061,North Northamptonshire,Proportion of adults cycling,At least once per month,2022,Proportion,Percentage,8.8
E06000061,North Northamptonshire,Proportion of adults cycling,At least once per week,2022,Proportion,Percentage,6
E06000018,Nottingham,Proportion of adults cycling,At least once per month,2022,Proportion,Percentage,10.9
E06000018,Nottingham,Proportion of adults cycling,At least once per week,2022,Proportion,Percentage,7.4
E06000017,Rutland,Proportion of adults cycling,At least once per month,2022,Proportion,Percentage,17.5
E06000017,Rutland,Proportion of adults cycling,At least once per week,2022,Proportion,Percentage,10.9
E06000062,West Northamptonshire,Proportion of adults cycling,At least once per month,2022,Proportion,Percentage,9.4
E06000062,West Northamptonshire,Proportion of adults cycling,At least once per week,2022,Proportion,Percentage,6.3
E07000032,Amber Valley,Proportion of adults cycling,At least once per month,2022,Proportion,Percentage,9.3
E07000032,Amber Valley,Proportion of adults cycling,At least once per week,2022,Proportion,Percentage,5.8
E07000033,Bolsover,Proportion of adults cycling,At least once per month,2022,Proportion,Percentage,8.9
E07000033,Bolsover,Proportion of adults cycling,At least once per week,2022,Proportion,Percentage,NA
E07000034,Chesterfield,Proportion of adults cycling,At least once per month,2022,Proportion,Percentage,9.6
E07000034,Chesterfield,Proportion of adults cycling,At least once per week,2022,Proportion,Percentage,7
E07000035,Derbyshire Dales,Proportion of adults cycling,At least once per month,2022,Proportion,Percentage,15.1
E07000035,Derbyshire Dales,Proportion of adults cycling,At least once per week,2022,Proportion,Percentage,9.7
E07000036,Erewash,Proportion of adults cycling,At least once per month,2022,Proportion,Percentage,11
E07000036,Erewash,Proportion of adults cycling,At least once per week,2022,Proportion,Percentage,7.9
E07000037,High Peak,Proportion of adults cycling,At least once per month,2022,Proportion,Percentage,9.9
E07000037,High Peak,Proportion of adults cycling,At least once per week,2022,Proportion,Percentage,5.9
E07000038,North East Derbyshire,Proportion of adults cycling,At least once per month,2022,Proportion,Percentage,11
E07000038,North East Derbyshire,Proportion of adults cycling,At least once per week,2022,Proportion,Percentage,7.3
E07000039,South Derbyshire,Proportion of adults cycling,At least once per month,2022,Proportion,Percentage,8.4
E07000039,South Derbyshire,Proportion of adults cycling,At least once per week,2022,Proportion,Percentage,NA
E07000129,Blaby,Proportion of adults cycling,At least once per month,2022,Proportion,Percentage,12.3
E07000129,Blaby,Proportion of adults cycling,At least once per week,2022,Proportion,Percentage,8.8
E07000130,Charnwood,Proportion of adults cycling,At least once per month,2022,Proportion,Percentage,11.9
E07000130,Charnwood,Proportion of adults cycling,At least once per week,2022,Proportion,Percentage,8.2
E07000131,Harborough,Proportion of adults cycling,At least once per month,2022,Proportion,Percentage,10.2
E07000131,Harborough,Proportion of adults cycling,At least once per week,2022,Proportion,Percentage,7.6
E07000132,Hinckley and Bosworth,Proportion of adults cycling,At least once per month,2022,Proportion,Percentage,11.5
E07000132,Hinckley and Bosworth,Proportion of adults cycling,At least once per week,2022,Proportion,Percentage,8.1
E07000133,Melton,Proportion of adults cycling,At least once per month,2022,Proportion,Percentage,12.1
E07000133,Melton,Proportion of adults cycling,At least once per week,2022,Proportion,Percentage,7.5
E07000134,North West Leicestershire,Proportion of adults cycling,At least once per month,2022,Proportion,Percentage,11.7
E07000134,North West Leicestershire,Proportion of adults cycling,At least once per week,2022,Proportion,Percentage,7.1
E07000135,Oadby and Wigston,Proportion of adults cycling,At least once per month,2022,Proportion,Percentage,10.3
E07000135,Oadby and Wigston,Proportion of adults cycling,At least once per week,2022,Proportion,Percentage,7.2
E07000136,Boston,Proportion of adults cycling,At least once per month,2022,Proportion,Percentage,16
E07000136,Boston,Proportion of adults cycling,At least once per week,2022,Proportion,Percentage,12.6
E07000137,East Lindsey,Proportion of adults cycling,At least once per month,2022,Proportion,Percentage,10.9
E07000137,East Lindsey,Proportion of adults cycling,At least once per week,2022,Proportion,Percentage,8.1
E07000138,Lincoln,Proportion of adults cycling,At least once per month,2022,Proportion,Percentage,14.2
E07000138,Lincoln,Proportion of adults cycling,At least once per week,2022,Proportion,Percentage,9.9
E07000139,North Kesteven,Proportion of adults cycling,At least once per month,2022,Proportion,Percentage,14.9
E07000139,North Kesteven,Proportion of adults cycling,At least once per week,2022,Proportion,Percentage,10.2
E07000140,South Holland,Proportion of adults cycling,At least once per month,2022,Proportion,Percentage,12.1
E07000140,South Holland,Proportion of adults cycling,At least once per week,2022,Proportion,Percentage,8.4
E07000141,South Kesteven,Proportion of adults cycling,At least once per month,2022,Proportion,Percentage,13
E07000141,South Kesteven,Proportion of adults cycling,At least once per week,2022,Proportion,Percentage,9.3
E07000142,West Lindsey,Proportion of adults cycling,At least once per month,2022,Proportion,Percentage,11.9
E07000142,West Lindsey,Proportion of adults cycling,At least once per week,2022,Proportion,Percentage,6.8
E07000170,Ashfield,Proportion of adults cycling,At least once per month,2022,Proportion,Percentage,10.1
E07000170,Ashfield,Proportion of adults cycling,At least once per week,2022,Proportion,Percentage,NA
E07000171,Bassetlaw,Proportion of adults cycling,At least once per month,2022,Proportion,Percentage,9.5
E07000171,Bassetlaw,Proportion of adults cycling,At least once per week,2022,Proportion,Percentage,7.5
E07000172,Broxtowe,Proportion of adults cycling,At least once per month,2022,Proportion,Percentage,12.4
E07000172,Broxtowe,Proportion of adults cycling,At least once per week,2022,Proportion,Percentage,10.2
E07000173,Gedling,Proportion of adults cycling,At least once per month,2022,Proportion,Percentage,9.9
E07000173,Gedling,Proportion of adults cycling,At least once per week,2022,Proportion,Percentage,5.7
E07000174,Mansfield,Proportion of adults cycling,At least once per month,2022,Proportion,Percentage,NA
E07000174,Mansfield,Proportion of adults cycling,At least once per week,2022,Proportion,Percentage,NA
E07000175,Newark and Sherwood,Proportion of adults cycling,At least once per month,2022,Proportion,Percentage,13.4
E07000175,Newark and Sherwood,Proportion of adults cycling,At least once per week,2022,Proportion,Percentage,9.9
E07000176,Rushcliffe,Proportion of adults cycling,At least once per month,2022,Proportion,Percentage,17.6
E07000176,Rushcliffe,Proportion of adults cycling,At least once per week,2022,Proportion,Percentage,10.6
E06000019,"Herefordshire, County of",Proportion of adults cycling,At least once per month,2022,Proportion,Percentage,11.6
E06000019,"Herefordshire, County of",Proportion of adults cycling,At least once per week,2022,Proportion,Percentage,8.7
E06000051,Shropshire,Proportion of adults cycling,At least once per month,2022,Proportion,Percentage,13.2
E06000051,Shropshire,Proportion of adults cycling,At least once per week,2022,Proportion,Percentage,8.5
E06000021,Stoke-on-Trent,Proportion of adults cycling,At least once per month,2022,Proportion,Percentage,6.4
E06000021,Stoke-on-Trent,Proportion of adults cycling,At least once per week,2022,Proportion,Percentage,NA
E06000020,Telford and Wrekin,Proportion of adults cycling,At least once per month,2022,Proportion,Percentage,9.7
E06000020,Telford and Wrekin,Proportion of adults cycling,At least once per week,2022,Proportion,Percentage,6.5
E07000192,Cannock Chase,Proportion of adults cycling,At least once per month,2022,Proportion,Percentage,9.5
E07000192,Cannock Chase,Proportion of adults cycling,At least once per week,2022,Proportion,Percentage,6.2
E07000193,East Staffordshire,Proportion of adults cycling,At least once per month,2022,Proportion,Percentage,12.7
E07000193,East Staffordshire,Proportion of adults cycling,At least once per week,2022,Proportion,Percentage,7.4
E07000194,Lichfield,Proportion of adults cycling,At least once per month,2022,Proportion,Percentage,11.2
E07000194,Lichfield,Proportion of adults cycling,At least once per week,2022,Proportion,Percentage,7.2
E07000195,Newcastle-under-Lyme,Proportion of adults cycling,At least once per month,2022,Proportion,Percentage,8.6
E07000195,Newcastle-under-Lyme,Proportion of adults cycling,At least once per week,2022,Proportion,Percentage,NA
E07000196,South Staffordshire,Proportion of adults cycling,At least once per month,2022,Proportion,Percentage,8.8
E07000196,South Staffordshire,Proportion of adults cycling,At least once per week,2022,Proportion,Percentage,5.5
E07000197,Stafford,Proportion of adults cycling,At least once per month,2022,Proportion,Percentage,13.8
E07000197,Stafford,Proportion of adults cycling,At least once per week,2022,Proportion,Percentage,8.7
E07000198,Staffordshire Moorlands,Proportion of adults cycling,At least once per month,2022,Proportion,Percentage,9.3
E07000198,Staffordshire Moorlands,Proportion of adults cycling,At least once per week,2022,Proportion,Percentage,NA
E07000199,Tamworth,Proportion of adults cycling,At least once per month,2022,Proportion,Percentage,8.2
E07000199,Tamworth,Proportion of adults cycling,At least once per week,2022,Proportion,Percentage,NA
E07000218,North Warwickshire,Proportion of adults cycling,At least once per month,2022,Proportion,Percentage,12.9
E07000218,North Warwickshire,Proportion of adults cycling,At least once per week,2022,Proportion,Percentage,NA
E07000219,Nuneaton and Bedworth,Proportion of adults cycling,At least once per month,2022,Proportion,Percentage,9.5
E07000219,Nuneaton and Bedworth,Proportion of adults cycling,At least once per week,2022,Proportion,Percentage,NA
E07000220,Rugby,Proportion of adults cycling,At least once per month,2022,Proportion,Percentage,14.8
E07000220,Rugby,Proportion of adults cycling,At least once per week,2022,Proportion,Percentage,11.6
E07000221,Stratford-on-Avon,Proportion of adults cycling,At least once per month,2022,Proportion,Percentage,11.6
E07000221,Stratford-on-Avon,Proportion of adults cycling,At least once per week,2022,Proportion,Percentage,6.5
E07000222,Warwick,Proportion of adults cycling,At least once per month,2022,Proportion,Percentage,14.7
E07000222,Warwick,Proportion of adults cycling,At least once per week,2022,Proportion,Percentage,10.4
E08000025,Birmingham,Proportion of adults cycling,At least once per month,2022,Proportion,Percentage,7.6
E08000025,Birmingham,Proportion of adults cycling,At least once per week,2022,Proportion,Percentage,4.8
E08000026,Coventry,Proportion of adults cycling,At least once per month,2022,Proportion,Percentage,10.2
E08000026,Coventry,Proportion of adults cycling,At least once per week,2022,Proportion,Percentage,7.4
E08000027,Dudley,Proportion of adults cycling,At least once per month,2022,Proportion,Percentage,5.9
E08000027,Dudley,Proportion of adults cycling,At least once per week,2022,Proportion,Percentage,NA
E08000028,Sandwell,Proportion of adults cycling,At least once per month,2022,Proportion,Percentage,6.8
E08000028,Sandwell,Proportion of adults cycling,At least once per week,2022,Proportion,Percentage,4.5
E08000029,Solihull,Proportion of adults cycling,At least once per month,2022,Proportion,Percentage,9.4
E08000029,Solihull,Proportion of adults cycling,At least once per week,2022,Proportion,Percentage,6.4
E08000030,Walsall,Proportion of adults cycling,At least once per month,2022,Proportion,Percentage,4.5
E08000030,Walsall,Proportion of adults cycling,At least once per week,2022,Proportion,Percentage,NA
E08000031,Wolverhampton,Proportion of adults cycling,At least once per month,2022,Proportion,Percentage,7.1
E08000031,Wolverhampton,Proportion of adults cycling,At least once per week,2022,Proportion,Percentage,NA
E07000234,Bromsgrove,Proportion of adults cycling,At least once per month,2022,Proportion,Percentage,9.4
E07000234,Bromsgrove,Proportion of adults cycling,At least once per week,2022,Proportion,Percentage,NA
E07000235,Malvern Hills,Proportion of adults cycling,At least once per month,2022,Proportion,Percentage,7.9
E07000235,Malvern Hills,Proportion of adults cycling,At least once per week,2022,Proportion,Percentage,6.2
E07000236,Redditch,Proportion of adults cycling,At least once per month,2022,Proportion,Percentage,8.7
E07000236,Redditch,Proportion of adults cycling,At least once per week,2022,Proportion,Percentage,NA
E07000237,Worcester,Proportion of adults cycling,At least once per month,2022,Proportion,Percentage,10.2
E07000237,Worcester,Proportion of adults cycling,At least once per week,2022,Proportion,Percentage,7.7
E07000238,Wychavon,Proportion of adults cycling,At least once per month,2022,Proportion,Percentage,10.2
E07000238,Wychavon,Proportion of adults cycling,At least once per week,2022,Proportion,Percentage,6.7
E07000239,Wyre Forest,Proportion of adults cycling,At least once per month,2022,Proportion,Percentage,8.4
E07000239,Wyre Forest,Proportion of adults cycling,At least once per week,2022,Proportion,Percentage,NA
E06000055,Bedford,Proportion of adults cycling,At least once per month,2022,Proportion,Percentage,14.7
E06000055,Bedford,Proportion of adults cycling,At least once per week,2022,Proportion,Percentage,11.4
E06000056,Central Bedfordshire,Proportion of adults cycling,At least once per month,2022,Proportion,Percentage,13
E06000056,Central Bedfordshire,Proportion of adults cycling,At least once per week,2022,Proportion,Percentage,8.7
E06000032,Luton,Proportion of adults cycling,At least once per month,2022,Proportion,Percentage,8.5
E06000032,Luton,Proportion of adults cycling,At least once per week,2022,Proportion,Percentage,NA
E06000031,Peterborough,Proportion of adults cycling,At least once per month,2022,Proportion,Percentage,19.4
E06000031,Peterborough,Proportion of adults cycling,At least once per week,2022,Proportion,Percentage,15.2
E06000033,Southend-on-Sea,Proportion of adults cycling,At least once per month,2022,Proportion,Percentage,15.1
E06000033,Southend-on-Sea,Proportion of adults cycling,At least once per week,2022,Proportion,Percentage,10.1
E06000034,Thurrock,Proportion of adults cycling,At least once per month,2022,Proportion,Percentage,7.2
E06000034,Thurrock,Proportion of adults cycling,At least once per week,2022,Proportion,Percentage,NA
E07000008,Cambridge,Proportion of adults cycling,At least once per month,2022,Proportion,Percentage,55.9
E07000008,Cambridge,Proportion of adults cycling,At least once per week,2022,Proportion,Percentage,49.8
E07000009,East Cambridgeshire,Proportion of adults cycling,At least once per month,2022,Proportion,Percentage,19.2
E07000009,East Cambridgeshire,Proportion of adults cycling,At least once per week,2022,Proportion,Percentage,14
E07000010,Fenland,Proportion of adults cycling,At least once per month,2022,Proportion,Percentage,11.7
E07000010,Fenland,Proportion of adults cycling,At least once per week,2022,Proportion,Percentage,8.4
E07000011,Huntingdonshire,Proportion of adults cycling,At least once per month,2022,Proportion,Percentage,18
E07000011,Huntingdonshire,Proportion of adults cycling,At least once per week,2022,Proportion,Percentage,11.4
E07000012,South Cambridgeshire,Proportion of adults cycling,At least once per month,2022,Proportion,Percentage,24.6
E07000012,South Cambridgeshire,Proportion of adults cycling,At least once per week,2022,Proportion,Percentage,18.1
E07000066,Basildon,Proportion of adults cycling,At least once per month,2022,Proportion,Percentage,11.3
E07000066,Basildon,Proportion of adults cycling,At least once per week,2022,Proportion,Percentage,6.2
E07000067,Braintree,Proportion of adults cycling,At least once per month,2022,Proportion,Percentage,10.7
E07000067,Braintree,Proportion of adults cycling,At least once per week,2022,Proportion,Percentage,7.9
E07000068,Brentwood,Proportion of adults cycling,At least once per month,2022,Proportion,Percentage,12.7
E07000068,Brentwood,Proportion of adults cycling,At least once per week,2022,Proportion,Percentage,NA
E07000069,Castle Point,Proportion of adults cycling,At least once per month,2022,Proportion,Percentage,9.4
E07000069,Castle Point,Proportion of adults cycling,At least once per week,2022,Proportion,Percentage,NA
E07000070,Chelmsford,Proportion of adults cycling,At least once per month,2022,Proportion,Percentage,17.7
E07000070,Chelmsford,Proportion of adults cycling,At least once per week,2022,Proportion,Percentage,11.2
E07000071,Colchester,Proportion of adults cycling,At least once per month,2022,Proportion,Percentage,13.4
E07000071,Colchester,Proportion of adults cycling,At least once per week,2022,Proportion,Percentage,10
E07000072,Epping Forest,Proportion of adults cycling,At least once per month,2022,Proportion,Percentage,9.7
E07000072,Epping Forest,Proportion of adults cycling,At least once per week,2022,Proportion,Percentage,5.8
E07000073,Harlow,Proportion of adults cycling,At least once per month,2022,Proportion,Percentage,9.7
E07000073,Harlow,Proportion of adults cycling,At least once per week,2022,Proportion,Percentage,5.2
E07000074,Maldon,Proportion of adults cycling,At least once per month,2022,Proportion,Percentage,9.9
E07000074,Maldon,Proportion of adults cycling,At least once per week,2022,Proportion,Percentage,NA
E07000075,Rochford,Proportion of adults cycling,At least once per month,2022,Proportion,Percentage,7.1
E07000075,Rochford,Proportion of adults cycling,At least once per week,2022,Proportion,Percentage,NA
E07000076,Tendring,Proportion of adults cycling,At least once per month,2022,Proportion,Percentage,9.7
E07000076,Tendring,Proportion of adults cycling,At least once per week,2022,Proportion,Percentage,7
E07000077,Uttlesford,Proportion of adults cycling,At least once per month,2022,Proportion,Percentage,8.2
E07000077,Uttlesford,Proportion of adults cycling,At least once per week,2022,Proportion,Percentage,5.2
E07000095,Broxbourne,Proportion of adults cycling,At least once per month,2022,Proportion,Percentage,10.3
E07000095,Broxbourne,Proportion of adults cycling,At least once per week,2022,Proportion,Percentage,6.7
E07000096,Dacorum,Proportion of adults cycling,At least once per month,2022,Proportion,Percentage,14.6
E07000096,Dacorum,Proportion of adults cycling,At least once per week,2022,Proportion,Percentage,8.3
E07000242,East Hertfordshire,Proportion of adults cycling,At least once per month,2022,Proportion,Percentage,12.8
E07000242,East Hertfordshire,Proportion of adults cycling,At least once per week,2022,Proportion,Percentage,8.2
E07000098,Hertsmere,Proportion of adults cycling,At least once per month,2022,Proportion,Percentage,9.1
E07000098,Hertsmere,Proportion of adults cycling,At least once per week,2022,Proportion,Percentage,NA
E07000099,North Hertfordshire,Proportion of adults cycling,At least once per month,2022,Proportion,Percentage,16.5
E07000099,North Hertfordshire,Proportion of adults cycling,At least once per week,2022,Proportion,Percentage,11.7
E07000240,St Albans,Proportion of adults cycling,At least once per month,2022,Proportion,Percentage,17.3
E07000240,St Albans,Proportion of adults cycling,At least once per week,2022,Proportion,Percentage,12
E07000243,Stevenage,Proportion of adults cycling,At least once per month,2022,Proportion,Percentage,14.5
E07000243,Stevenage,Proportion of adults cycling,At least once per week,2022,Proportion,Percentage,11.5
E07000102,Three Rivers,Proportion of adults cycling,At least once per month,2022,Proportion,Percentage,13.5
E07000102,Three Rivers,Proportion of adults cycling,At least once per week,2022,Proportion,Percentage,10
E07000103,Watford,Proportion of adults cycling,At least once per month,2022,Proportion,Percentage,10.5
E07000103,Watford,Proportion of adults cycling,At least once per week,2022,Proportion,Percentage,7.6
E07000241,Welwyn Hatfield,Proportion of adults cycling,At least once per month,2022,Proportion,Percentage,12.4
E07000241,Welwyn Hatfield,Proportion of adults cycling,At least once per week,2022,Proportion,Percentage,8.9
E07000143,Breckland,Proportion of adults cycling,At least once per month,2022,Proportion,Percentage,12.2
E07000143,Breckland,Proportion of adults cycling,At least once per week,2022,Proportion,Percentage,6.3
E07000144,Broadland,Proportion of adults cycling,At least once per month,2022,Proportion,Percentage,13.1
E07000144,Broadland,Proportion of adults cycling,At least once per week,2022,Proportion,Percentage,8.3
E07000145,Great Yarmouth,Proportion of adults cycling,At least once per month,2022,Proportion,Percentage,13
E07000145,Great Yarmouth,Proportion of adults cycling,At least once per week,2022,Proportion,Percentage,10.8
E07000146,King's Lynn and West Norfolk,Proportion of adults cycling,At least once per month,2022,Proportion,Percentage,16.4
E07000146,King's Lynn and West Norfolk,Proportion of adults cycling,At least once per week,2022,Proportion,Percentage,11.4
E07000147,North Norfolk,Proportion of adults cycling,At least once per month,2022,Proportion,Percentage,13
E07000147,North Norfolk,Proportion of adults cycling,At least once per week,2022,Proportion,Percentage,9.3
E07000148,Norwich,Proportion of adults cycling,At least once per month,2022,Proportion,Percentage,24.9
E07000148,Norwich,Proportion of adults cycling,At least once per week,2022,Proportion,Percentage,19.8
E07000149,South Norfolk,Proportion of adults cycling,At least once per month,2022,Proportion,Percentage,20.1
E07000149,South Norfolk,Proportion of adults cycling,At least once per week,2022,Proportion,Percentage,13.8
E07000200,Babergh,Proportion of adults cycling,At least once per month,2022,Proportion,Percentage,15.4
E07000200,Babergh,Proportion of adults cycling,At least once per week,2022,Proportion,Percentage,11.6
E07000244,East Suffolk,Proportion of adults cycling,At least once per month,2022,Proportion,Percentage,19.4
E07000244,East Suffolk,Proportion of adults cycling,At least once per week,2022,Proportion,Percentage,14.4
E07000202,Ipswich,Proportion of adults cycling,At least once per month,2022,Proportion,Percentage,15
E07000202,Ipswich,Proportion of adults cycling,At least once per week,2022,Proportion,Percentage,9.9
E07000203,Mid Suffolk,Proportion of adults cycling,At least once per month,2022,Proportion,Percentage,13.4
E07000203,Mid Suffolk,Proportion of adults cycling,At least once per week,2022,Proportion,Percentage,7.6
E07000245,West Suffolk,Proportion of adults cycling,At least once per month,2022,Proportion,Percentage,12.8
E07000245,West Suffolk,Proportion of adults cycling,At least once per week,2022,Proportion,Percentage,7.9
E09000007,Camden,Proportion of adults cycling,At least once per month,2022,Proportion,Percentage,20.6
E09000007,Camden,Proportion of adults cycling,At least once per week,2022,Proportion,Percentage,16.5
E09000001,City of London,Proportion of adults cycling,At least once per month,2022,Proportion,Percentage,NA
E09000001,City of London,Proportion of adults cycling,At least once per week,2022,Proportion,Percentage,NA
E09000012,Hackney,Proportion of adults cycling,At least once per month,2022,Proportion,Percentage,34.2
E09000012,Hackney,Proportion of adults cycling,At least once per week,2022,Proportion,Percentage,28
E09000013,Hammersmith and Fulham,Proportion of adults cycling,At least once per month,2022,Proportion,Percentage,30.8
E09000013,Hammersmith and Fulham,Proportion of adults cycling,At least once per week,2022,Proportion,Percentage,23.8
E09000014,Haringey,Proportion of adults cycling,At least once per month,2022,Proportion,Percentage,17.4
E09000014,Haringey,Proportion of adults cycling,At least once per week,2022,Proportion,Percentage,12
E09000019,Islington,Proportion of adults cycling,At least once per month,2022,Proportion,Percentage,22.7
E09000019,Islington,Proportion of adults cycling,At least once per week,2022,Proportion,Percentage,17.6
E09000020,Kensington and Chelsea,Proportion of adults cycling,At least once per month,2022,Proportion,Percentage,18.4
E09000020,Kensington and Chelsea,Proportion of adults cycling,At least once per week,2022,Proportion,Percentage,11.6
E09000022,Lambeth,Proportion of adults cycling,At least once per month,2022,Proportion,Percentage,26.8
E09000022,Lambeth,Proportion of adults cycling,At least once per week,2022,Proportion,Percentage,20.6
E09000023,Lewisham,Proportion of adults cycling,At least once per month,2022,Proportion,Percentage,15.1
E09000023,Lewisham,Proportion of adults cycling,At least once per week,2022,Proportion,Percentage,10.3
E09000025,Newham,Proportion of adults cycling,At least once per month,2022,Proportion,Percentage,14.3
E09000025,Newham,Proportion of adults cycling,At least once per week,2022,Proportion,Percentage,10
E09000028,Southwark,Proportion of adults cycling,At least once per month,2022,Proportion,Percentage,28.8
E09000028,Southwark,Proportion of adults cycling,At least once per week,2022,Proportion,Percentage,24.5
E09000030,Tower Hamlets,Proportion of adults cycling,At least once per month,2022,Proportion,Percentage,22.1
E09000030,Tower Hamlets,Proportion of adults cycling,At least once per week,2022,Proportion,Percentage,17.4
E09000032,Wandsworth,Proportion of adults cycling,At least once per month,2022,Proportion,Percentage,28
E09000032,Wandsworth,Proportion of adults cycling,At least once per week,2022,Proportion,Percentage,20.7
E09000033,Westminster,Proportion of adults cycling,At least once per month,2022,Proportion,Percentage,19.5
E09000033,Westminster,Proportion of adults cycling,At least once per week,2022,Proportion,Percentage,15.4
E09000002,Barking and Dagenham,Proportion of adults cycling,At least once per month,2022,Proportion,Percentage,8.8
E09000002,Barking and Dagenham,Proportion of adults cycling,At least once per week,2022,Proportion,Percentage,6.5
E09000003,Barnet,Proportion of adults cycling,At least once per month,2022,Proportion,Percentage,11.4
E09000003,Barnet,Proportion of adults cycling,At least once per week,2022,Proportion,Percentage,7.8
E09000004,Bexley,Proportion of adults cycling,At least once per month,2022,Proportion,Percentage,8.6
E09000004,Bexley,Proportion of adults cycling,At least once per week,2022,Proportion,Percentage,NA
E09000005,Brent,Proportion of adults cycling,At least once per month,2022,Proportion,Percentage,11.7
E09000005,Brent,Proportion of adults cycling,At least once per week,2022,Proportion,Percentage,10.5
E09000006,Bromley,Proportion of adults cycling,At least once per month,2022,Proportion,Percentage,13.2
E09000006,Bromley,Proportion of adults cycling,At least once per week,2022,Proportion,Percentage,7.9
E09000008,Croydon,Proportion of adults cycling,At least once per month,2022,Proportion,Percentage,6.1
E09000008,Croydon,Proportion of adults cycling,At least once per week,2022,Proportion,Percentage,NA
E09000009,Ealing,Proportion of adults cycling,At least once per month,2022,Proportion,Percentage,13.9
E09000009,Ealing,Proportion of adults cycling,At least once per week,2022,Proportion,Percentage,10.2
E09000010,Enfield,Proportion of adults cycling,At least once per month,2022,Proportion,Percentage,11.6
E09000010,Enfield,Proportion of adults cycling,At least once per week,2022,Proportion,Percentage,9.4
E09000011,Greenwich,Proportion of adults cycling,At least once per month,2022,Proportion,Percentage,13.1
E09000011,Greenwich,Proportion of adults cycling,At least once per week,2022,Proportion,Percentage,10
E09000015,Harrow,Proportion of adults cycling,At least once per month,2022,Proportion,Percentage,7.9
E09000015,Harrow,Proportion of adults cycling,At least once per week,2022,Proportion,Percentage,NA
E09000016,Havering,Proportion of adults cycling,At least once per month,2022,Proportion,Percentage,7.8
E09000016,Havering,Proportion of adults cycling,At least once per week,2022,Proportion,Percentage,NA
E09000017,Hillingdon,Proportion of adults cycling,At least once per month,2022,Proportion,Percentage,9.1
E09000017,Hillingdon,Proportion of adults cycling,At least once per week,2022,Proportion,Percentage,NA
E09000018,Hounslow,Proportion of adults cycling,At least once per month,2022,Proportion,Percentage,13.8
E09000018,Hounslow,Proportion of adults cycling,At least once per week,2022,Proportion,Percentage,7.7
E09000021,Kingston upon Thames,Proportion of adults cycling,At least once per month,2022,Proportion,Percentage,23.2
E09000021,Kingston upon Thames,Proportion of adults cycling,At least once per week,2022,Proportion,Percentage,16.5
E09000024,Merton,Proportion of adults cycling,At least once per month,2022,Proportion,Percentage,18.8
E09000024,Merton,Proportion of adults cycling,At least once per week,2022,Proportion,Percentage,14
E09000026,Redbridge,Proportion of adults cycling,At least once per month,2022,Proportion,Percentage,9.6
E09000026,Redbridge,Proportion of adults cycling,At least once per week,2022,Proportion,Percentage,7.7
E09000027,Richmond upon Thames,Proportion of adults cycling,At least once per month,2022,Proportion,Percentage,24.8
E09000027,Richmond upon Thames,Proportion of adults cycling,At least once per week,2022,Proportion,Percentage,18.4
E09000029,Sutton,Proportion of adults cycling,At least once per month,2022,Proportion,Percentage,13.5
E09000029,Sutton,Proportion of adults cycling,At least once per week,2022,Proportion,Percentage,10
E09000031,Waltham Forest,Proportion of adults cycling,At least once per month,2022,Proportion,Percentage,18.2
E09000031,Waltham Forest,Proportion of adults cycling,At least once per week,2022,Proportion,Percentage,13.2
E06000036,Bracknell Forest,Proportion of adults cycling,At least once per month,2022,Proportion,Percentage,13.8
E06000036,Bracknell Forest,Proportion of adults cycling,At least once per week,2022,Proportion,Percentage,10.1
E06000043,Brighton and Hove,Proportion of adults cycling,At least once per month,2022,Proportion,Percentage,23.9
E06000043,Brighton and Hove,Proportion of adults cycling,At least once per week,2022,Proportion,Percentage,18.8
E06000060,Buckinghamshire,Proportion of adults cycling,At least once per month,2022,Proportion,Percentage,12.9
E06000060,Buckinghamshire,Proportion of adults cycling,At least once per week,2022,Proportion,Percentage,8.1
E06000046,Isle of Wight,Proportion of adults cycling,At least once per month,2022,Proportion,Percentage,14.6
E06000046,Isle of Wight,Proportion of adults cycling,At least once per week,2022,Proportion,Percentage,10.4
E06000035,Medway,Proportion of adults cycling,At least once per month,2022,Proportion,Percentage,8.4
E06000035,Medway,Proportion of adults cycling,At least once per week,2022,Proportion,Percentage,NA
E06000042,Milton Keynes,Proportion of adults cycling,At least once per month,2022,Proportion,Percentage,16.3
E06000042,Milton Keynes,Proportion of adults cycling,At least once per week,2022,Proportion,Percentage,10.8
E06000044,Portsmouth,Proportion of adults cycling,At least once per month,2022,Proportion,Percentage,16.1
E06000044,Portsmouth,Proportion of adults cycling,At least once per week,2022,Proportion,Percentage,12.3
E06000038,Reading,Proportion of adults cycling,At least once per month,2022,Proportion,Percentage,14.7
E06000038,Reading,Proportion of adults cycling,At least once per week,2022,Proportion,Percentage,10.5
E06000039,Slough,Proportion of adults cycling,At least once per month,2022,Proportion,Percentage,7.8
E06000039,Slough,Proportion of adults cycling,At least once per week,2022,Proportion,Percentage,NA
E06000045,Southampton,Proportion of adults cycling,At least once per month,2022,Proportion,Percentage,13.5
E06000045,Southampton,Proportion of adults cycling,At least once per week,2022,Proportion,Percentage,12.2
E06000037,West Berkshire,Proportion of adults cycling,At least once per month,2022,Proportion,Percentage,13.4
E06000037,West Berkshire,Proportion of adults cycling,At least once per week,2022,Proportion,Percentage,8.6
E06000040,Windsor and Maidenhead,Proportion of adults cycling,At least once per month,2022,Proportion,Percentage,17.6
E06000040,Windsor and Maidenhead,Proportion of adults cycling,At least once per week,2022,Proportion,Percentage,12.1
E06000041,Wokingham,Proportion of adults cycling,At least once per month,2022,Proportion,Percentage,13.4
E06000041,Wokingham,Proportion of adults cycling,At least once per week,2022,Proportion,Percentage,8.8
E07000061,Eastbourne,Proportion of adults cycling,At least once per month,2022,Proportion,Percentage,16.6
E07000061,Eastbourne,Proportion of adults cycling,At least once per week,2022,Proportion,Percentage,14.3
E07000062,Hastings,Proportion of adults cycling,At least once per month,2022,Proportion,Percentage,8.4
E07000062,Hastings,Proportion of adults cycling,At least once per week,2022,Proportion,Percentage,NA
E07000063,Lewes,Proportion of adults cycling,At least once per month,2022,Proportion,Percentage,13.1
E07000063,Lewes,Proportion of adults cycling,At least once per week,2022,Proportion,Percentage,8.9
E07000064,Rother,Proportion of adults cycling,At least once per month,2022,Proportion,Percentage,13.7
E07000064,Rother,Proportion of adults cycling,At least once per week,2022,Proportion,Percentage,11.4
E07000065,Wealden,Proportion of adults cycling,At least once per month,2022,Proportion,Percentage,11.2
E07000065,Wealden,Proportion of adults cycling,At least once per week,2022,Proportion,Percentage,6.5
E07000084,Basingstoke and Deane,Proportion of adults cycling,At least once per month,2022,Proportion,Percentage,14.5
E07000084,Basingstoke and Deane,Proportion of adults cycling,At least once per week,2022,Proportion,Percentage,10.3
E07000085,East Hampshire,Proportion of adults cycling,At least once per month,2022,Proportion,Percentage,18
E07000085,East Hampshire,Proportion of adults cycling,At least once per week,2022,Proportion,Percentage,13.2
E07000086,Eastleigh,Proportion of adults cycling,At least once per month,2022,Proportion,Percentage,13.5
E07000086,Eastleigh,Proportion of adults cycling,At least once per week,2022,Proportion,Percentage,10.1
E07000087,Fareham,Proportion of adults cycling,At least once per month,2022,Proportion,Percentage,15.3
E07000087,Fareham,Proportion of adults cycling,At least once per week,2022,Proportion,Percentage,9.4
E07000088,Gosport,Proportion of adults cycling,At least once per month,2022,Proportion,Percentage,22.2
E07000088,Gosport,Proportion of adults cycling,At least once per week,2022,Proportion,Percentage,16.2
E07000089,Hart,Proportion of adults cycling,At least once per month,2022,Proportion,Percentage,17.3
E07000089,Hart,Proportion of adults cycling,At least once per week,2022,Proportion,Percentage,10
E07000090,Havant,Proportion of adults cycling,At least once per month,2022,Proportion,Percentage,13
E07000090,Havant,Proportion of adults cycling,At least once per week,2022,Proportion,Percentage,8.6
E07000091,New Forest,Proportion of adults cycling,At least once per month,2022,Proportion,Percentage,21
E07000091,New Forest,Proportion of adults cycling,At least once per week,2022,Proportion,Percentage,14.7
E07000092,Rushmoor,Proportion of adults cycling,At least once per month,2022,Proportion,Percentage,11.3
E07000092,Rushmoor,Proportion of adults cycling,At least once per week,2022,Proportion,Percentage,8.9
E07000093,Test Valley,Proportion of adults cycling,At least once per month,2022,Proportion,Percentage,19.4
E07000093,Test Valley,Proportion of adults cycling,At least once per week,2022,Proportion,Percentage,9.7
E07000094,Winchester,Proportion of adults cycling,At least once per month,2022,Proportion,Percentage,16.2
E07000094,Winchester,Proportion of adults cycling,At least once per week,2022,Proportion,Percentage,10.1
E07000105,Ashford,Proportion of adults cycling,At least once per month,2022,Proportion,Percentage,13.8
E07000105,Ashford,Proportion of adults cycling,At least once per week,2022,Proportion,Percentage,10
E07000106,Canterbury,Proportion of adults cycling,At least once per month,2022,Proportion,Percentage,12.1
E07000106,Canterbury,Proportion of adults cycling,At least once per week,2022,Proportion,Percentage,8.3
E07000107,Dartford,Proportion of adults cycling,At least once per month,2022,Proportion,Percentage,7.8
E07000107,Dartford,Proportion of adults cycling,At least once per week,2022,Proportion,Percentage,NA
E07000108,Dover,Proportion of adults cycling,At least once per month,2022,Proportion,Percentage,13.8
E07000108,Dover,Proportion of adults cycling,At least once per week,2022,Proportion,Percentage,9.5
E07000112,Folkestone and Hythe,Proportion of adults cycling,At least once per month,2022,Proportion,Percentage,12.4
E07000112,Folkestone and Hythe,Proportion of adults cycling,At least once per week,2022,Proportion,Percentage,8.4
E07000109,Gravesham,Proportion of adults cycling,At least once per month,2022,Proportion,Percentage,9.6
E07000109,Gravesham,Proportion of adults cycling,At least once per week,2022,Proportion,Percentage,7
E07000110,Maidstone,Proportion of adults cycling,At least once per month,2022,Proportion,Percentage,12.1
E07000110,Maidstone,Proportion of adults cycling,At least once per week,2022,Proportion,Percentage,6.6
E07000111,Sevenoaks,Proportion of adults cycling,At least once per month,2022,Proportion,Percentage,7.1
E07000111,Sevenoaks,Proportion of adults cycling,At least once per week,2022,Proportion,Percentage,NA
E07000113,Swale,Proportion of adults cycling,At least once per month,2022,Proportion,Percentage,10.5
E07000113,Swale,Proportion of adults cycling,At least once per week,2022,Proportion,Percentage,7.5
E07000114,Thanet,Proportion of adults cycling,At least once per month,2022,Proportion,Percentage,15.8
E07000114,Thanet,Proportion of adults cycling,At least once per week,2022,Proportion,Percentage,11
E07000115,Tonbridge and Malling,Proportion of adults cycling,At least once per month,2022,Proportion,Percentage,12.8
E07000115,Tonbridge and Malling,Proportion of adults cycling,At least once per week,2022,Proportion,Percentage,8.5
E07000116,Tunbridge Wells,Proportion of adults cycling,At least once per month,2022,Proportion,Percentage,13.2
E07000116,Tunbridge Wells,Proportion of adults cycling,At least once per week,2022,Proportion,Percentage,8.4
E07000177,Cherwell,Proportion of adults cycling,At least once per month,2022,Proportion,Percentage,16.3
E07000177,Cherwell,Proportion of adults cycling,At least once per week,2022,Proportion,Percentage,10.2
E07000178,Oxford,Proportion of adults cycling,At least once per month,2022,Proportion,Percentage,41.7
E07000178,Oxford,Proportion of adults cycling,At least once per week,2022,Proportion,Percentage,35
E07000179,South Oxfordshire,Proportion of adults cycling,At least once per month,2022,Proportion,Percentage,22
E07000179,South Oxfordshire,Proportion of adults cycling,At least once per week,2022,Proportion,Percentage,15.7
E07000180,Vale of White Horse,Proportion of adults cycling,At least once per month,2022,Proportion,Percentage,23.7
E07000180,Vale of White Horse,Proportion of adults cycling,At least once per week,2022,Proportion,Percentage,17.5
E07000181,West Oxfordshire,Proportion of adults cycling,At least once per month,2022,Proportion,Percentage,14.3
E07000181,West Oxfordshire,Proportion of adults cycling,At least once per week,2022,Proportion,Percentage,11.6
E07000207,Elmbridge,Proportion of adults cycling,At least once per month,2022,Proportion,Percentage,24.7
E07000207,Elmbridge,Proportion of adults cycling,At least once per week,2022,Proportion,Percentage,18.2
E07000208,Epsom and Ewell,Proportion of adults cycling,At least once per month,2022,Proportion,Percentage,15.7
E07000208,Epsom and Ewell,Proportion of adults cycling,At least once per week,2022,Proportion,Percentage,10.9
E07000209,Guildford,Proportion of adults cycling,At least once per month,2022,Proportion,Percentage,16.9
E07000209,Guildford,Proportion of adults cycling,At least once per week,2022,Proportion,Percentage,12.5
E07000210,Mole Valley,Proportion of adults cycling,At least once per month,2022,Proportion,Percentage,19
E07000210,Mole Valley,Proportion of adults cycling,At least once per week,2022,Proportion,Percentage,12.6
E07000211,Reigate and Banstead,Proportion of adults cycling,At least once per month,2022,Proportion,Percentage,15.5
E07000211,Reigate and Banstead,Proportion of adults cycling,At least once per week,2022,Proportion,Percentage,9.4
E07000212,Runnymede,Proportion of adults cycling,At least once per month,2022,Proportion,Percentage,14.7
E07000212,Runnymede,Proportion of adults cycling,At least once per week,2022,Proportion,Percentage,11.3
E07000213,Spelthorne,Proportion of adults cycling,At least once per month,2022,Proportion,Percentage,16.2
E07000213,Spelthorne,Proportion of adults cycling,At least once per week,2022,Proportion,Percentage,12.5
E07000214,Surrey Heath,Proportion of adults cycling,At least once per month,2022,Proportion,Percentage,14.6
E07000214,Surrey Heath,Proportion of adults cycling,At least once per week,2022,Proportion,Percentage,9.2
E07000215,Tandridge,Proportion of adults cycling,At least once per month,2022,Proportion,Percentage,9.3
E07000215,Tandridge,Proportion of adults cycling,At least once per week,2022,Proportion,Percentage,6
E07000216,Waverley,Proportion of adults cycling,At least once per month,2022,Proportion,Percentage,18.2
E07000216,Waverley,Proportion of adults cycling,At least once per week,2022,Proportion,Percentage,13.6
E07000217,Woking,Proportion of adults cycling,At least once per month,2022,Proportion,Percentage,17.2
E07000217,Woking,Proportion of adults cycling,At least once per week,2022,Proportion,Percentage,10.2
E07000223,Adur,Proportion of adults cycling,At least once per month,2022,Proportion,Percentage,20.5
E07000223,Adur,Proportion of adults cycling,At least once per week,2022,Proportion,Percentage,13.4
E07000224,Arun,Proportion of adults cycling,At least once per month,2022,Proportion,Percentage,13.4
E07000224,Arun,Proportion of adults cycling,At least once per week,2022,Proportion,Percentage,10.7
E07000225,Chichester,Proportion of adults cycling,At least once per month,2022,Proportion,Percentage,19.2
E07000225,Chichester,Proportion of adults cycling,At least once per week,2022,Proportion,Percentage,13.1
E07000226,Crawley,Proportion of adults cycling,At least once per month,2022,Proportion,Percentage,14
E07000226,Crawley,Proportion of adults cycling,At least once per week,2022,Proportion,Percentage,10.1
E07000227,Horsham,Proportion of adults cycling,At least once per month,2022,Proportion,Percentage,13.4
E07000227,Horsham,Proportion of adults cycling,At least once per week,2022,Proportion,Percentage,8.7
E07000228,Mid Sussex,Proportion of adults cycling,At least once per month,2022,Proportion,Percentage,11.4
E07000228,Mid Sussex,Proportion of adults cycling,At least once per week,2022,Proportion,Percentage,7.8
E07000229,Worthing,Proportion of adults cycling,At least once per month,2022,Proportion,Percentage,13.4
E07000229,Worthing,Proportion of adults cycling,At least once per week,2022,Proportion,Percentage,10.8
E06000022,Bath and North East Somerset,Proportion of adults cycling,At least once per month,2022,Proportion,Percentage,18.8
E06000022,Bath and North East Somerset,Proportion of adults cycling,At least once per week,2022,Proportion,Percentage,13.2
E06000058,"Bournemouth, Christchurch and Poole",Proportion of adults cycling,At least once per month,2022,Proportion,Percentage,17.9
E06000058,"Bournemouth, Christchurch and Poole",Proportion of adults cycling,At least once per week,2022,Proportion,Percentage,13
E06000023,"Bristol, City of",Proportion of adults cycling,At least once per month,2022,Proportion,Percentage,21.8
E06000023,"Bristol, City of",Proportion of adults cycling,At least once per week,2022,Proportion,Percentage,17
E06000052,Cornwall,Proportion of adults cycling,At least once per month,2022,Proportion,Percentage,15.3
E06000052,Cornwall,Proportion of adults cycling,At least once per week,2022,Proportion,Percentage,9.1
E06000059,Dorset,Proportion of adults cycling,At least once per month,2022,Proportion,Percentage,13.2
E06000059,Dorset,Proportion of adults cycling,At least once per week,2022,Proportion,Percentage,8.9
E06000053,Isles of Scilly,Proportion of adults cycling,At least once per month,2022,Proportion,Percentage,34
E06000053,Isles of Scilly,Proportion of adults cycling,At least once per week,2022,Proportion,Percentage,29.9
E06000024,North Somerset,Proportion of adults cycling,At least once per month,2022,Proportion,Percentage,17.1
E06000024,North Somerset,Proportion of adults cycling,At least once per week,2022,Proportion,Percentage,11
E06000026,Plymouth,Proportion of adults cycling,At least once per month,2022,Proportion,Percentage,8.3
E06000026,Plymouth,Proportion of adults cycling,At least once per week,2022,Proportion,Percentage,6.7
E06000025,South Gloucestershire,Proportion of adults cycling,At least once per month,2022,Proportion,Percentage,13.2
E06000025,South Gloucestershire,Proportion of adults cycling,At least once per week,2022,Proportion,Percentage,9.9
E06000030,Swindon,Proportion of adults cycling,At least once per month,2022,Proportion,Percentage,15.4
E06000030,Swindon,Proportion of adults cycling,At least once per week,2022,Proportion,Percentage,11.8
E06000027,Torbay,Proportion of adults cycling,At least once per month,2022,Proportion,Percentage,8
E06000027,Torbay,Proportion of adults cycling,At least once per week,2022,Proportion,Percentage,NA
E06000054,Wiltshire,Proportion of adults cycling,At least once per month,2022,Proportion,Percentage,15.1
E06000054,Wiltshire,Proportion of adults cycling,At least once per week,2022,Proportion,Percentage,11.5
E07000040,East Devon,Proportion of adults cycling,At least once per month,2022,Proportion,Percentage,19.7
E07000040,East Devon,Proportion of adults cycling,At least once per week,2022,Proportion,Percentage,11.9
E07000041,Exeter,Proportion of adults cycling,At least once per month,2022,Proportion,Percentage,22.8
E07000041,Exeter,Proportion of adults cycling,At least once per week,2022,Proportion,Percentage,15.3
E07000042,Mid Devon,Proportion of adults cycling,At least once per month,2022,Proportion,Percentage,11.4
E07000042,Mid Devon,Proportion of adults cycling,At least once per week,2022,Proportion,Percentage,7.3
E07000043,North Devon,Proportion of adults cycling,At least once per month,2022,Proportion,Percentage,14.5
E07000043,North Devon,Proportion of adults cycling,At least once per week,2022,Proportion,Percentage,10.7
E07000044,South Hams,Proportion of adults cycling,At least once per month,2022,Proportion,Percentage,10.1
E07000044,South Hams,Proportion of adults cycling,At least once per week,2022,Proportion,Percentage,6.3
E07000045,Teignbridge,Proportion of adults cycling,At least once per month,2022,Proportion,Percentage,13.7
E07000045,Teignbridge,Proportion of adults cycling,At least once per week,2022,Proportion,Percentage,NA
E07000046,Torridge,Proportion of adults cycling,At least once per month,2022,Proportion,Percentage,8.4
E07000046,Torridge,Proportion of adults cycling,At least once per week,2022,Proportion,Percentage,NA
E07000047,West Devon,Proportion of adults cycling,At least once per month,2022,Proportion,Percentage,12.1
E07000047,West Devon,Proportion of adults cycling,At least once per week,2022,Proportion,Percentage,7
E07000078,Cheltenham,Proportion of adults cycling,At least once per month,2022,Proportion,Percentage,17.5
E07000078,Cheltenham,Proportion of adults cycling,At least once per week,2022,Proportion,Percentage,10.7
E07000079,Cotswold,Proportion of adults cycling,At least once per month,2022,Proportion,Percentage,15.8
E07000079,Cotswold,Proportion of adults cycling,At least once per week,2022,Proportion,Percentage,10.5
E07000080,Forest of Dean,Proportion of adults cycling,At least once per month,2022,Proportion,Percentage,13
E07000080,Forest of Dean,Proportion of adults cycling,At least once per week,2022,Proportion,Percentage,7.8
E07000081,Gloucester,Proportion of adults cycling,At least once per month,2022,Proportion,Percentage,14.3
E07000081,Gloucester,Proportion of adults cycling,At least once per week,2022,Proportion,Percentage,11.2
E07000082,Stroud,Proportion of adults cycling,At least once per month,2022,Proportion,Percentage,12.6
E07000082,Stroud,Proportion of adults cycling,At least once per week,2022,Proportion,Percentage,9.3
E07000083,Tewkesbury,Proportion of adults cycling,At least once per month,2022,Proportion,Percentage,15.4
E07000083,Tewkesbury,Proportion of adults cycling,At least once per week,2022,Proportion,Percentage,10.3
E07000187,Mendip,Proportion of adults cycling,At least once per month,2022,Proportion,Percentage,12.3
E07000187,Mendip,Proportion of adults cycling,At least once per week,2022,Proportion,Percentage,9.5
E07000188,Sedgemoor,Proportion of adults cycling,At least once per month,2022,Proportion,Percentage,13.3
E07000188,Sedgemoor,Proportion of adults cycling,At least once per week,2022,Proportion,Percentage,10.1
E07000246,Somerset West and Taunton,Proportion of adults cycling,At least once per month,2022,Proportion,Percentage,20.9
E07000246,Somerset West and Taunton,Proportion of adults cycling,At least once per week,2022,Proportion,Percentage,14.6
E07000189,South Somerset,Proportion of adults cycling,At least once per month,2022,Proportion,Percentage,10
E07000189,South Somerset,Proportion of adults cycling,At least once per week,2022,Proportion,Percentage,6.6
